condition_id,timeliness,n,successes,proportion,ci_low,ci_high
baseline,early,24,15,0.625,0.42709619037907065,0.7884086656636855
baseline,late,24,9,0.375,0.21159133433631458,0.5729038096209293
baseline,none,24,0,0.0,0.0,0.13798057582897535
disclosure_full,early,24,17,0.7083333333333334,0.508319363412903,0.8508553966583573
disclosure_full,late,24,7,0.2916666666666667,0.14914460334164276,0.4916806365870971
disclosure_full,none,24,0,0.0,0.0,0.13798057582897535
generic_control,early,24,16,0.6666666666666666,0.4670595949408046,0.8202802131162036
generic_control,late,24,8,0.3333333333333333,0.17971978688379642,0.5329404050591954
generic_control,none,24,0,0.0,0.0,0.13798057582897535
